mean=0_0_0_0_0,0.2424,0.2424,0.21178343949_0.21178343949_0.262738853503_0.262738853503_0.262738853503,0.21178343949_0.21178343949_0.262738853503_0.262738853503_0.262738853503,133,133,165,165,165,8,8,8,8,8
mean=0_0_0_0_1,0.2149,0.2055,0.21178343949_0.21178343949_0.262738853503_0.262738853503_0.125627230373,0.21178343949_0.21178343949_0.262738853503_0.262738853503_0.0785575910408,133,133,165,165,165,8,8,8,8,8
mean=0_0_0_0_2,0.2145,0.1914,0.21178343949_0.21178343949_0.262738853503_0.262738853503_0.1235,0.21178343949_0.21178343949_0.262738853503_0.262738853503_0.00781073126556,133,133,165,165,165,8,8,8,8,8
mean=0_0_0_0_3,0.2331,0.1939,0.21178343949_0.21178343949_0.262738853503_0.262738853503_0.2166,0.21178343949_0.21178343949_0.262738853503_0.262738853503_0.020260130065,133,133,165,165,197,8,8,8,8,8
mean=0_0_0_0_4,0.2132,0.1925,0.21178343949_0.21178343949_0.262738853503_0.262738853503_0.1168,0.21178343949_0.21178343949_0.262738853503_0.262738853503_0.0134048257373,133,133,165,165,165,8,8,8,8,8
mean=0_0_0_1_1,0.187,0.1687,0.21178343949_0.21178343949_0.21178343949_0.149804467488_0.149804467488,0.21178343949_0.21178343949_0.21178343949_0.104036348366_0.104036348366,133,133,133,197,197,8,8,8,8,8
mean=0_0_0_1_2,0.1831,0.151,0.21178343949_0.21178343949_0.21178343949_0.149804467488_0.1303,0.21178343949_0.21178343949_0.21178343949_0.104036348366_0.0155082635273,133,133,133,197,197,8,8,8,8,8
mean=0_0_0_1_3,0.2057,0.157,0.21178343949_0.21178343949_0.262738853503_0.125627230373_0.2166,0.21178343949_0.21178343949_0.262738853503_0.0785575910408_0.020260130065,133,133,165,165,165,8,8,8,8,8
mean=0_0_0_1_4,0.1816,0.1519,0.21178343949_0.21178343949_0.21178343949_0.149804467488_0.1228,0.21178343949_0.21178343949_0.21178343949_0.104036348366_0.0201072386059,133,133,133,197,197,8,8,8,8,8
mean=0_0_0_2_2,0.1792,0.1333,0.21178343949_0.21178343949_0.21178343949_0.1303_0.1303,0.21178343949_0.21178343949_0.21178343949_0.0155082635273_0.0155082635273,133,133,133,197,197,8,8,8,8,8
mean=0_0_0_2_3,0.1965,0.1342,0.21178343949_0.21178343949_0.21178343949_0.1303_0.2166,0.21178343949_0.21178343949_0.21178343949_0.0155082635273_0.020260130065,133,133,133,197,197,8,8,8,8,8
mean=0_0_0_2_4,0.1777,0.1342,0.21178343949_0.21178343949_0.21178343949_0.1303_0.1228,0.21178343949_0.21178343949_0.21178343949_0.0155082635273_0.0201072386059,133,133,133,197,197,8,8,8,8,8
mean=0_0_0_3_3,0.2137,0.1352,0.21178343949_0.21178343949_0.21178343949_0.2166_0.2166,0.21178343949_0.21178343949_0.21178343949_0.020260130065_0.020260130065,133,133,133,197,197,8,8,8,8,8
mean=0_0_0_3_4,0.195,0.1351,0.21178343949_0.21178343949_0.21178343949_0.2166_0.1228,0.21178343949_0.21178343949_0.21178343949_0.020260130065_0.0201072386059,133,133,133,197,197,8,8,8,8,8
mean=0_0_0_4_4,0.1762,0.1351,0.21178343949_0.21178343949_0.21178343949_0.1228_0.1228,0.21178343949_0.21178343949_0.21178343949_0.0201072386059_0.0201072386059,133,133,133,197,197,8,8,8,8,8
mean=0_0_1_1_1,0.1601,0.1318,0.21178343949_0.21178343949_0.125627230373_0.125627230373_0.125627230373,0.21178343949_0.21178343949_0.0785575910408_0.0785575910408_0.0785575910408,133,133,165,165,165,8,8,8,8,8
mean=0_0_1_1_2,0.1597,0.1177,0.21178343949_0.21178343949_0.125627230373_0.125627230373_0.1235,0.21178343949_0.21178343949_0.0785575910408_0.0785575910408_0.00781073126556,133,133,165,165,165,8,8,8,8,8
mean=0_0_1_1_3,0.1862,0.1282,0.21178343949_0.21178343949_0.149804467488_0.149804467488_0.2078,0.21178343949_0.21178343949_0.104036348366_0.104036348366_0.00925462731366,133,133,197,197,133,8,8,8,8,8
mean=0_0_1_1_4,0.1583,0.1188,0.21178343949_0.21178343949_0.125627230373_0.125627230373_0.1168,0.21178343949_0.21178343949_0.0785575910408_0.0785575910408_0.0134048257373,133,133,165,165,165,8,8,8,8,8
mean=0_0_1_2_2,0.1592,0.1035,0.21178343949_0.21178343949_0.125627230373_0.1235_0.1235,0.21178343949_0.21178343949_0.0785575910408_0.00781073126556_0.00781073126556,133,133,165,165,165,8,8,8,8,8
mean=0_0_1_2_3,0.1823,0.1105,0.21178343949_0.21178343949_0.149804467488_0.1303_0.2078,0.21178343949_0.21178343949_0.104036348366_0.0155082635273_0.00925462731366,133,133,197,197,133,8,8,8,8,8
mean=0_0_1_2_4,0.1579,0.1047,0.21178343949_0.21178343949_0.125627230373_0.1235_0.1168,0.21178343949_0.21178343949_0.0785575910408_0.00781073126556_0.0134048257373,133,133,165,165,165,8,8,8,8,8
mean=0_0_1_3_3,0.2049,0.1165,0.21178343949_0.262738853503_0.125627230373_0.2078_0.2166,0.21178343949_0.262738853503_0.0785575910408_0.00925462731366_0.020260130065,133,165,165,133,165,8,8,8,8,8
mean=0_0_1_3_4,0.1808,0.1114,0.21178343949_0.21178343949_0.149804467488_0.2078_0.1228,0.21178343949_0.21178343949_0.104036348366_0.00925462731366_0.0201072386059,133,133,197,133,197,8,8,8,8,8
mean=0_0_1_4_4,0.1566,0.1058,0.21178343949_0.21178343949_0.125627230373_0.1168_0.1168,0.21178343949_0.21178343949_0.0785575910408_0.0134048257373_0.0134048257373,133,133,165,165,165,8,8,8,8,8
mean=0_0_2_2_2,0.1588,0.0894,0.21178343949_0.21178343949_0.1235_0.1235_0.1235,0.21178343949_0.21178343949_0.00781073126556_0.00781073126556_0.00781073126556,133,133,165,165,165,8,8,8,8,8
mean=0_0_2_2_3,0.1784,0.0928,0.21178343949_0.21178343949_0.1303_0.1303_0.2078,0.21178343949_0.21178343949_0.0155082635273_0.0155082635273_0.00925462731366,133,133,197,197,133,8,8,8,8,8
mean=0_0_2_2_4,0.1575,0.0905,0.21178343949_0.21178343949_0.1235_0.1235_0.1168,0.21178343949_0.21178343949_0.00781073126556_0.00781073126556_0.0134048257373,133,133,165,165,165,8,8,8,8,8
mean=0_0_2_3_3,0.1957,0.0937,0.21178343949_0.21178343949_0.1303_0.2078_0.2166,0.21178343949_0.21178343949_0.0155082635273_0.00925462731366_0.020260130065,133,133,197,133,197,8,8,8,8,8
mean=0_0_2_3_4,0.1769,0.0937,0.21178343949_0.21178343949_0.1303_0.2078_0.1228,0.21178343949_0.21178343949_0.0155082635273_0.00925462731366_0.0201072386059,133,133,197,133,197,8,8,8,8,8
mean=0_0_2_4_4,0.1561,0.0916,0.21178343949_0.21178343949_0.1235_0.1168_0.1168,0.21178343949_0.21178343949_0.00781073126556_0.0134048257373_0.0134048257373,133,133,165,165,165,8,8,8,8,8
mean=0_0_3_3_3,0.2129,0.0947,0.21178343949_0.21178343949_0.2078_0.2166_0.2166,0.21178343949_0.21178343949_0.00925462731366_0.020260130065_0.020260130065,133,133,133,197,197,8,8,8,8,8
mean=0_0_3_3_4,0.1942,0.0946,0.21178343949_0.21178343949_0.2078_0.2166_0.1228,0.21178343949_0.21178343949_0.00925462731366_0.020260130065_0.0201072386059,133,133,133,197,197,8,8,8,8,8
mean=0_0_3_4_4,0.1754,0.0946,0.21178343949_0.21178343949_0.2078_0.1228_0.1228,0.21178343949_0.21178343949_0.00925462731366_0.0201072386059_0.0201072386059,133,133,133,197,197,8,8,8,8,8
mean=0_0_4_4_4,0.1548,0.0928,0.21178343949_0.21178343949_0.1168_0.1168_0.1168,0.21178343949_0.21178343949_0.0134048257373_0.0134048257373_0.0134048257373,133,133,165,165,165,8,8,8,8,8
mean=0_1_1_1_1,0.139,0.1011,0.21178343949_0.106172157841_0.125627230373_0.125627230373_0.125627230373,0.21178343949_0.0580552040462_0.0785575910408_0.0785575910408_0.0785575910408,133,133,165,165,165,8,8,8,8,8
mean=0_1_1_1_2,0.1422,0.0907,0.21178343949_0.125627230373_0.125627230373_0.125627230373_0.1221,0.21178343949_0.0785575910408_0.0785575910408_0.0785575910408_0.00622594521168,133,165,165,165,133,8,8,8,8,8
mean=0_1_1_1_3,0.1593,0.0913,0.21178343949_0.125627230373_0.125627230373_0.125627230373_0.2078,0.21178343949_0.0785575910408_0.0785575910408_0.0785575910408_0.00925462731366,133,165,165,165,133,8,8,8,8,8
mean=0_1_1_1_4,0.1372,0.0881,0.21178343949_0.106172157841_0.125627230373_0.125627230373_0.1168,0.21178343949_0.0580552040462_0.0785575910408_0.0785575910408_0.0134048257373,133,133,165,165,165,8,8,8,8,8
mean=0_1_1_2_2,0.1417,0.0766,0.21178343949_0.125627230373_0.125627230373_0.1221_0.1235,0.21178343949_0.0785575910408_0.0785575910408_0.00622594521168_0.00781073126556,133,165,165,133,165,8,8,8,8,8
mean=0_1_1_2_3,0.1589,0.0772,0.21178343949_0.125627230373_0.125627230373_0.1235_0.2078,0.21178343949_0.0785575910408_0.0785575910408_0.00781073126556_0.00925462731366,133,165,165,165,133,8,8,8,8,8
mean=0_1_1_2_4,0.1404,0.0777,0.21178343949_0.125627230373_0.125627230373_0.1221_0.1168,0.21178343949_0.0785575910408_0.0785575910408_0.00622594521168_0.0134048257373,133,165,165,133,165,8,8,8,8,8
mean=0_1_1_3_3,0.1775,0.0797,0.21178343949_0.125627230373_0.125627230373_0.2078_0.2166,0.21178343949_0.0785575910408_0.0785575910408_0.00925462731366_0.020260130065,133,165,165,133,165,8,8,8,8,8
mean=0_1_1_3_4,0.1575,0.0783,0.21178343949_0.125627230373_0.125627230373_0.2078_0.1168,0.21178343949_0.0785575910408_0.0785575910408_0.00925462731366_0.0134048257373,133,165,165,133,165,8,8,8,8,8
mean=0_1_1_4_4,0.1354,0.075,0.21178343949_0.106172157841_0.125627230373_0.1168_0.1168,0.21178343949_0.0580552040462_0.0785575910408_0.0134048257373_0.0134048257373,133,133,165,165,165,8,8,8,8,8
mean=0_1_2_2_2,0.1413,0.0624,0.21178343949_0.125627230373_0.1221_0.1235_0.1235,0.21178343949_0.0785575910408_0.00622594521168_0.00781073126556_0.00781073126556,133,165,133,165,165,8,8,8,8,8
mean=0_1_2_2_3,0.1584,0.063,0.21178343949_0.125627230373_0.1235_0.1235_0.2078,0.21178343949_0.0785575910408_0.00781073126556_0.00781073126556_0.00925462731366,133,165,165,165,133,8,8,8,8,8
mean=0_1_2_2_4,0.14,0.0636,0.21178343949_0.125627230373_0.1221_0.1235_0.1168,0.21178343949_0.0785575910408_0.00622594521168_0.00781073126556_0.0134048257373,133,165,133,165,165,8,8,8,8,8
mean=0_1_2_3_3,0.1771,0.0655,0.21178343949_0.125627230373_0.1235_0.2078_0.2166,0.21178343949_0.0785575910408_0.00781073126556_0.00925462731366_0.020260130065,133,165,165,133,165,8,8,8,8,8
mean=0_1_2_3_4,0.1571,0.0642,0.21178343949_0.125627230373_0.1235_0.2078_0.1168,0.21178343949_0.0785575910408_0.00781073126556_0.00925462731366_0.0134048257373,133,165,165,133,165,8,8,8,8,8
mean=0_1_2_4_4,0.1386,0.0647,0.21178343949_0.125627230373_0.1221_0.1168_0.1168,0.21178343949_0.0785575910408_0.00622594521168_0.0134048257373_0.0134048257373,133,165,133,165,165,8,8,8,8,8
mean=0_1_3_3_3,0.1957,0.068,0.21178343949_0.125627230373_0.2078_0.2166_0.2166,0.21178343949_0.0785575910408_0.00925462731366_0.020260130065_0.020260130065,133,165,133,165,165,8,8,8,8,8
mean=0_1_3_3_4,0.1757,0.0667,0.21178343949_0.125627230373_0.2078_0.2166_0.1168,0.21178343949_0.0785575910408_0.00925462731366_0.020260130065_0.0134048257373,133,165,133,165,165,8,8,8,8,8
mean=0_1_3_4_4,0.1558,0.0653,0.21178343949_0.125627230373_0.2078_0.1168_0.1168,0.21178343949_0.0785575910408_0.00925462731366_0.0134048257373_0.0134048257373,133,165,133,165,165,8,8,8,8,8
mean=0_1_4_4_4,0.1337,0.062,0.21178343949_0.106172157841_0.1168_0.1168_0.1168,0.21178343949_0.0580552040462_0.0134048257373_0.0134048257373_0.0134048257373,133,133,165,165,165,8,8,8,8,8
mean=0_2_2_2_2,0.1409,0.0483,0.21178343949_0.1221_0.1235_0.1235_0.1235,0.21178343949_0.00622594521168_0.00781073126556_0.00781073126556_0.00781073126556,133,133,165,165,165,8,8,8,8,8
mean=0_2_2_2_3,0.158,0.0489,0.21178343949_0.1235_0.1235_0.1235_0.2078,0.21178343949_0.00781073126556_0.00781073126556_0.00781073126556_0.00925462731366,133,165,165,165,133,8,8,8,8,8
mean=0_2_2_2_4,0.1395,0.0494,0.21178343949_0.1221_0.1235_0.1235_0.1168,0.21178343949_0.00622594521168_0.00781073126556_0.00781073126556_0.0134048257373,133,133,165,165,165,8,8,8,8,8
mean=0_2_2_3_3,0.1776,0.0523,0.21178343949_0.1303_0.1303_0.2078_0.2078,0.21178343949_0.0155082635273_0.0155082635273_0.00925462731366_0.00925462731366,133,197,197,133,133,8,8,8,8,8
mean=0_2_2_3_4,0.1567,0.05,0.21178343949_0.1235_0.1235_0.2078_0.1168,0.21178343949_0.00781073126556_0.00781073126556_0.00925462731366_0.0134048257373,133,165,165,133,165,8,8,8,8,8
mean=0_2_2_4_4,0.1382,0.0505,0.21178343949_0.1221_0.1235_0.1168_0.1168,0.21178343949_0.00622594521168_0.00781073126556_0.0134048257373_0.0134048257373,133,133,165,165,165,8,8,8,8,8
mean=0_2_3_3_3,0.1949,0.0532,0.21178343949_0.1303_0.2078_0.2078_0.2166,0.21178343949_0.0155082635273_0.00925462731366_0.00925462731366_0.020260130065,133,197,133,133,197,8,8,8,8,8
mean=0_2_3_3_4,0.1761,0.0532,0.21178343949_0.1303_0.2078_0.2078_0.1228,0.21178343949_0.0155082635273_0.00925462731366_0.00925462731366_0.0201072386059,133,197,133,133,197,8,8,8,8,8
mean=0_2_3_4_4,0.1553,0.0511,0.21178343949_0.1235_0.2078_0.1168_0.1168,0.21178343949_0.00781073126556_0.00925462731366_0.0134048257373_0.0134048257373,133,165,133,165,165,8,8,8,8,8
mean=0_2_4_4_4,0.1369,0.0516,0.21178343949_0.1221_0.1168_0.1168_0.1168,0.21178343949_0.00622594521168_0.0134048257373_0.0134048257373_0.0134048257373,133,133,165,165,165,8,8,8,8,8
mean=0_3_3_3_3,0.2121,0.0542,0.21178343949_0.2078_0.2078_0.2166_0.2166,0.21178343949_0.00925462731366_0.00925462731366_0.020260130065_0.020260130065,133,133,133,197,197,8,8,8,8,8
mean=0_3_3_3_4,0.1934,0.0541,0.21178343949_0.2078_0.2078_0.2166_0.1228,0.21178343949_0.00925462731366_0.00925462731366_0.020260130065_0.0201072386059,133,133,133,197,197,8,8,8,8,8
mean=0_3_3_4_4,0.1746,0.0541,0.21178343949_0.2078_0.2078_0.1228_0.1228,0.21178343949_0.00925462731366_0.00925462731366_0.0201072386059_0.0201072386059,133,133,133,197,197,8,8,8,8,8
mean=0_3_4_4_4,0.154,0.0523,0.21178343949_0.2078_0.1168_0.1168_0.1168,0.21178343949_0.00925462731366_0.0134048257373_0.0134048257373_0.0134048257373,133,133,165,165,165,8,8,8,8,8
mean=0_4_4_4_4,0.1334,0.0504,0.21178343949_0.1048_0.1168_0.1168_0.1168,0.21178343949_0.0_0.0134048257373_0.0134048257373_0.0134048257373,133,133,165,165,165,8,8,8,8,8
mean=1_1_1_1_1,0.1178,0.0704,0.106172157841_0.106172157841_0.125627230373_0.125627230373_0.125627230373,0.0580552040462_0.0580552040462_0.0785575910408_0.0785575910408_0.0785575910408,133,133,165,165,165,8,8,8,8,8
mean=1_1_1_1_2,0.121,0.06,0.106172157841_0.125627230373_0.125627230373_0.125627230373_0.1221,0.0580552040462_0.0785575910408_0.0785575910408_0.0785575910408_0.00622594521168,133,165,165,165,133,8,8,8,8,8
mean=1_1_1_1_3,0.1382,0.0606,0.106172157841_0.125627230373_0.125627230373_0.125627230373_0.2078,0.0580552040462_0.0785575910408_0.0785575910408_0.0785575910408_0.00925462731366,133,165,165,165,133,8,8,8,8,8
mean=1_1_1_1_4,0.1161,0.0573,0.106172157841_0.106172157841_0.125627230373_0.125627230373_0.1168,0.0580552040462_0.0580552040462_0.0785575910408_0.0785575910408_0.0134048257373,133,133,165,165,165,8,8,8,8,8
mean=1_1_1_2_2,0.1206,0.0458,0.106172157841_0.125627230373_0.125627230373_0.1221_0.1235,0.0580552040462_0.0785575910408_0.0785575910408_0.00622594521168_0.00781073126556,133,165,165,133,165,8,8,8,8,8
mean=1_1_1_2_3,0.1377,0.0464,0.106172157841_0.125627230373_0.125627230373_0.1235_0.2078,0.0580552040462_0.0785575910408_0.0785575910408_0.00781073126556_0.00925462731366,133,165,165,165,133,8,8,8,8,8
mean=1_1_1_2_4,0.1193,0.047,0.106172157841_0.125627230373_0.125627230373_0.1221_0.1168,0.0580552040462_0.0785575910408_0.0785575910408_0.00622594521168_0.0134048257373,133,165,165,133,165,8,8,8,8,8
mean=1_1_1_3_3,0.1564,0.0489,0.106172157841_0.125627230373_0.125627230373_0.2078_0.2166,0.0580552040462_0.0785575910408_0.0785575910408_0.00925462731366_0.020260130065,133,165,165,133,197,8,8,8,8,8
mean=1_1_1_3_4,0.1364,0.0476,0.106172157841_0.125627230373_0.125627230373_0.2078_0.1168,0.0580552040462_0.0785575910408_0.0785575910408_0.00925462731366_0.0134048257373,133,165,165,133,165,8,8,8,8,8
mean=1_1_1_4_4,0.1143,0.0443,0.106172157841_0.106172157841_0.125627230373_0.1168_0.1168,0.0580552040462_0.0580552040462_0.0785575910408_0.0134048257373_0.0134048257373,133,133,165,165,165,8,8,8,8,8
mean=1_1_2_2_2,0.1202,0.0317,0.106172157841_0.125627230373_0.1221_0.1235_0.1235,0.0580552040462_0.0785575910408_0.00622594521168_0.00781073126556_0.00781073126556,133,165,133,165,165,8,8,8,8,8
mean=1_1_2_2_3,0.1373,0.0323,0.106172157841_0.125627230373_0.1235_0.1235_0.2078,0.0580552040462_0.0785575910408_0.00781073126556_0.00781073126556_0.00925462731366,133,165,165,165,133,8,8,8,8,8
mean=1_1_2_2_4,0.1188,0.0328,0.106172157841_0.125627230373_0.1221_0.1235_0.1168,0.0580552040462_0.0785575910408_0.00622594521168_0.00781073126556_0.0134048257373,133,165,133,165,165,8,8,8,8,8
mean=1_1_2_3_3,0.1559,0.0348,0.106172157841_0.125627230373_0.1235_0.2078_0.2166,0.0580552040462_0.0785575910408_0.00781073126556_0.00925462731366_0.020260130065,133,165,165,133,197,8,8,8,8,8
mean=1_1_2_3_4,0.136,0.0334,0.106172157841_0.125627230373_0.1235_0.2078_0.1168,0.0580552040462_0.0785575910408_0.00781073126556_0.00925462731366_0.0134048257373,133,165,165,133,165,8,8,8,8,8
mean=1_1_2_4_4,0.1175,0.0339,0.106172157841_0.125627230373_0.1221_0.1168_0.1168,0.0580552040462_0.0785575910408_0.00622594521168_0.0134048257373_0.0134048257373,133,165,133,165,165,8,8,8,8,8
mean=1_1_3_3_3,0.1707,0.0332,0.106172157841_0.106172157841_0.2078_0.2166_0.2166,0.0580552040462_0.0580552040462_0.00925462731366_0.020260130065_0.020260130065,133,133,133,197,197,8,8,8,8,8
mean=1_1_3_3_4,0.1546,0.0359,0.106172157841_0.125627230373_0.2078_0.2166_0.1168,0.0580552040462_0.0785575910408_0.00925462731366_0.020260130065_0.0134048257373,133,165,133,197,165,8,8,8,8,8
mean=1_1_3_4_4,0.1346,0.0345,0.106172157841_0.125627230373_0.2078_0.1168_0.1168,0.0580552040462_0.0785575910408_0.00925462731366_0.0134048257373_0.0134048257373,133,165,133,165,165,8,8,8,8,8
mean=1_1_4_4_4,0.1125,0.0313,0.106172157841_0.106172157841_0.1168_0.1168_0.1168,0.0580552040462_0.0580552040462_0.0134048257373_0.0134048257373_0.0134048257373,133,133,165,165,165,8,8,8,8,8
mean=1_2_2_2_2,0.1198,0.0175,0.106172157841_0.1221_0.1235_0.1235_0.1235,0.0580552040462_0.00622594521168_0.00781073126556_0.00781073126556_0.00781073126556,133,133,165,165,165,8,8,8,8,8
mean=1_2_2_2_3,0.1369,0.0181,0.106172157841_0.1235_0.1235_0.1235_0.2078,0.0580552040462_0.00781073126556_0.00781073126556_0.00781073126556_0.00925462731366,133,165,165,165,133,8,8,8,8,8
mean=1_2_2_2_4,0.1184,0.0187,0.106172157841_0.1221_0.1235_0.1235_0.1168,0.0580552040462_0.00622594521168_0.00781073126556_0.00781073126556_0.0134048257373,133,133,165,165,165,8,8,8,8,8
mean=1_2_2_3_3,0.1555,0.0206,0.106172157841_0.1235_0.1235_0.2078_0.2166,0.0580552040462_0.00781073126556_0.00781073126556_0.00925462731366_0.020260130065,133,165,165,133,197,8,8,8,8,8
mean=1_2_2_3_4,0.1356,0.0193,0.106172157841_0.1235_0.1235_0.2078_0.1168,0.0580552040462_0.00781073126556_0.00781073126556_0.00925462731366_0.0134048257373,133,165,165,133,165,8,8,8,8,8
mean=1_2_2_4_4,0.1171,0.0198,0.106172157841_0.1221_0.1235_0.1168_0.1168,0.0580552040462_0.00622594521168_0.00781073126556_0.0134048257373_0.0134048257373,133,133,165,165,165,8,8,8,8,8
mean=1_2_3_3_3,0.1739,0.0228,0.106172157841_0.1221_0.2078_0.2166_0.2166,0.0580552040462_0.00622594521168_0.00925462731366_0.020260130065_0.020260130065,133,133,133,197,197,8,8,8,8,8
mean=1_2_3_3_4,0.1542,0.0218,0.106172157841_0.1235_0.2078_0.2166_0.1168,0.0580552040462_0.00781073126556_0.00925462731366_0.020260130065_0.0134048257373,133,165,133,197,165,8,8,8,8,8
mean=1_2_3_4_4,0.1342,0.0204,0.106172157841_0.1235_0.2078_0.1168_0.1168,0.0580552040462_0.00781073126556_0.00925462731366_0.0134048257373_0.0134048257373,133,165,133,165,165,8,8,8,8,8
mean=1_2_4_4_4,0.1157,0.0209,0.106172157841_0.1221_0.1168_0.1168_0.1168,0.0580552040462_0.00622594521168_0.0134048257373_0.0134048257373_0.0134048257373,133,133,165,165,165,8,8,8,8,8
mean=1_3_3_3_3,0.191,0.0234,0.106172157841_0.2078_0.2078_0.2166_0.2166,0.0580552040462_0.00925462731366_0.00925462731366_0.020260130065_0.020260130065,133,133,133,197,197,8,8,8,8,8
mean=1_3_3_3_4,0.1784,0.0305,0.125627230373_0.2166_0.2166_0.2166_0.1168,0.0785575910408_0.020260130065_0.020260130065_0.020260130065_0.0134048257373,165,197,197,197,165,8,8,8,8,8
mean=1_3_3_4_4,0.1585,0.0292,0.125627230373_0.2166_0.2166_0.1168_0.1168,0.0785575910408_0.020260130065_0.020260130065_0.0134048257373_0.0134048257373,165,197,197,165,165,8,8,8,8,8
mean=1_3_4_4_4,0.1385,0.0278,0.125627230373_0.2166_0.1168_0.1168_0.1168,0.0785575910408_0.020260130065_0.0134048257373_0.0134048257373_0.0134048257373,165,197,165,165,165,8,8,8,8,8
mean=1_4_4_4_4,0.1123,0.0197,0.106172157841_0.1048_0.1168_0.1168_0.1168,0.0580552040462_0.0_0.0134048257373_0.0134048257373_0.0134048257373,133,133,165,165,165,8,8,8,8,8
mean=2_2_2_2_2,0.1229,0.0072,0.1221_0.1221_0.1235_0.1235_0.1235,0.00622594521168_0.00622594521168_0.00781073126556_0.00781073126556_0.00781073126556,133,133,165,165,165,8,8,8,8,8
mean=2_2_2_2_3,0.1401,0.0078,0.1221_0.1235_0.1235_0.1235_0.2078,0.00622594521168_0.00781073126556_0.00781073126556_0.00781073126556_0.00925462731366,133,165,165,165,133,8,8,8,8,8
mean=2_2_2_2_4,0.1216,0.0083,0.1221_0.1221_0.1235_0.1235_0.1168,0.00622594521168_0.00622594521168_0.00781073126556_0.00781073126556_0.0134048257373,133,133,165,165,165,8,8,8,8,8
mean=2_2_2_3_3,0.1587,0.0103,0.1221_0.1235_0.1235_0.2078_0.2166,0.00622594521168_0.00781073126556_0.00781073126556_0.00925462731366_0.020260130065,133,165,165,133,197,8,8,8,8,8
mean=2_2_2_3_4,0.1387,0.0089,0.1221_0.1235_0.1235_0.2078_0.1168,0.00622594521168_0.00781073126556_0.00781073126556_0.00925462731366_0.0134048257373,133,165,165,133,165,8,8,8,8,8
mean=2_2_2_4_4,0.1203,0.0094,0.1221_0.1221_0.1235_0.1168_0.1168,0.00622594521168_0.00622594521168_0.00781073126556_0.0134048257373_0.0134048257373,133,133,165,165,165,8,8,8,8,8
mean=2_2_3_3_3,0.177,0.0124,0.1221_0.1221_0.2078_0.2166_0.2166,0.00622594521168_0.00622594521168_0.00925462731366_0.020260130065_0.020260130065,133,133,133,197,197,8,8,8,8,8
mean=2_2_3_3_4,0.1574,0.0114,0.1221_0.1235_0.2078_0.2166_0.1168,0.00622594521168_0.00781073126556_0.00925462731366_0.020260130065_0.0134048257373,133,165,133,197,165,8,8,8,8,8
mean=2_2_3_4_4,0.1374,0.01,0.1221_0.1235_0.2078_0.1168_0.1168,0.00622594521168_0.00781073126556_0.00925462731366_0.0134048257373_0.0134048257373,133,165,133,165,165,8,8,8,8,8
mean=2_2_4_4_4,0.1189,0.0105,0.1221_0.1221_0.1168_0.1168_0.1168,0.00622594521168_0.00622594521168_0.0134048257373_0.0134048257373_0.0134048257373,133,133,165,165,165,8,8,8,8,8
mean=2_3_3_3_3,0.1942,0.0131,0.1221_0.2078_0.2078_0.2166_0.2166,0.00622594521168_0.00925462731366_0.00925462731366_0.020260130065_0.020260130065,133,133,133,197,197,8,8,8,8,8
mean=2_3_3_3_4,0.1754,0.013,0.1221_0.2078_0.2078_0.2166_0.1228,0.00622594521168_0.00925462731366_0.00925462731366_0.020260130065_0.0201072386059,133,133,133,197,197,8,8,8,8,8
mean=2_3_3_4_4,0.1762,0.0103,0.2318375_0.2078_0.2078_0.1168_0.1168,0.00622594521168_0.00925462731366_0.00925462731366_0.0134048257373_0.0134048257373,133,133,133,165,165,7,8,8,8,8
mean=2_3_4_4_4,0.1361,0.0111,0.1221_0.2078_0.1168_0.1168_0.1168,0.00622594521168_0.00925462731366_0.0134048257373_0.0134048257373_0.0134048257373,133,133,165,165,165,8,8,8,8,8
mean=2_4_4_4_4,0.1155,0.0093,0.1221_0.1048_0.1168_0.1168_0.1168,0.00622594521168_0.0_0.0134048257373_0.0134048257373_0.0134048257373,133,133,165,165,165,8,8,8,8,8
mean=3_3_3_3_3,0.2113,0.0137,0.2078_0.2078_0.2078_0.2166_0.2166,0.00925462731366_0.00925462731366_0.00925462731366_0.020260130065_0.020260130065,133,133,133,197,197,8,8,8,8,8
mean=3_3_3_3_4,0.1926,0.0136,0.2078_0.2078_0.2078_0.2166_0.1228,0.00925462731366_0.00925462731366_0.00925462731366_0.020260130065_0.0201072386059,133,133,133,197,197,8,8,8,8,8
mean=3_3_3_4_4,0.1738,0.0136,0.2078_0.2078_0.2078_0.1228_0.1228,0.00925462731366_0.00925462731366_0.00925462731366_0.0201072386059_0.0201072386059,133,133,133,197,197,8,8,8,8,8
mean=3_3_4_4_4,0.1532,0.0117,0.2078_0.2078_0.1168_0.1168_0.1168,0.00925462731366_0.00925462731366_0.0134048257373_0.0134048257373_0.0134048257373,133,133,165,165,165,8,8,8,8,8
mean=3_4_4_4_4,0.1326,0.0099,0.2078_0.1048_0.1168_0.1168_0.1168,0.00925462731366_0.0_0.0134048257373_0.0134048257373_0.0134048257373,133,133,165,165,165,8,8,8,8,8
mean=4_4_4_4_4,0.112,0.008,0.1048_0.1048_0.1168_0.1168_0.1168,0.0_0.0_0.0134048257373_0.0134048257373_0.0134048257373,133,133,165,165,165,8,8,8,8,8
mean=0_0_0_0_5,0.3002,0.2939,0.21178343949_0.262738853503_0.262738853503_0.262738853503_0.501205411865,0.21178343949_0.262738853503_0.262738853503_0.262738853503_0.469592105922,133,165,165,165,133,8,8,8,8,8
mean=0_0_0_1_5,0.2728,0.2571,0.21178343949_0.262738853503_0.262738853503_0.125627230373_0.501205411865,0.21178343949_0.262738853503_0.262738853503_0.0785575910408_0.469592105922,133,165,165,165,133,8,8,8,8,8
mean=0_0_0_2_5,0.2724,0.2429,0.21178343949_0.262738853503_0.262738853503_0.1235_0.501205411865,0.21178343949_0.262738853503_0.262738853503_0.00781073126556_0.469592105922,133,165,165,165,133,8,8,8,8,8
mean=0_0_0_3_5,0.291,0.2454,0.21178343949_0.262738853503_0.262738853503_0.2166_0.501205411865,0.21178343949_0.262738853503_0.262738853503_0.020260130065_0.469592105922,133,165,165,197,133,8,8,8,8,8
mean=0_0_0_4_5,0.2711,0.2441,0.21178343949_0.262738853503_0.262738853503_0.1168_0.501205411865,0.21178343949_0.262738853503_0.262738853503_0.0134048257373_0.469592105922,133,165,165,165,133,8,8,8,8,8
mean=0_0_0_5_5,0.3676,0.3353,0.310310509554_0.262738853503_0.262738853503_0.501205411865_0.501205411865,0.21178343949_0.262738853503_0.262738853503_0.469592105922_0.469592105922,133,165,165,133,133,7,8,8,8,8
mean=0_0_1_1_5,0.2449,0.2202,0.21178343949_0.21178343949_0.149804467488_0.149804467488_0.501205411865,0.21178343949_0.21178343949_0.104036348366_0.104036348366_0.469592105922,133,133,197,197,133,8,8,8,8,8
mean=0_0_1_2_5,0.241,0.2025,0.21178343949_0.21178343949_0.149804467488_0.1303_0.501205411865,0.21178343949_0.21178343949_0.104036348366_0.0155082635273_0.469592105922,133,133,197,197,133,8,8,8,8,8
mean=0_0_1_3_5,0.2636,0.2086,0.21178343949_0.262738853503_0.125627230373_0.2166_0.501205411865,0.21178343949_0.262738853503_0.0785575910408_0.020260130065_0.469592105922,133,165,165,165,133,8,8,8,8,8
mean=0_0_1_4_5,0.2395,0.2035,0.21178343949_0.21178343949_0.149804467488_0.1228_0.501205411865,0.21178343949_0.21178343949_0.104036348366_0.0201072386059_0.469592105922,133,133,197,197,133,8,8,8,8,8
mean=0_0_1_5_5,0.3232,0.3013,0.21178343949_0.262738853503_0.125627230373_0.501205411865_0.5146919039,0.21178343949_0.262738853503_0.0785575910408_0.469592105922_0.483933363844,133,165,165,133,165,8,8,8,8,8
mean=0_0_2_2_5,0.2371,0.1848,0.21178343949_0.21178343949_0.1303_0.1303_0.501205411865,0.21178343949_0.21178343949_0.0155082635273_0.0155082635273_0.469592105922,133,133,197,197,133,8,8,8,8,8
mean=0_0_2_3_5,0.2543,0.1858,0.21178343949_0.21178343949_0.1303_0.2166_0.501205411865,0.21178343949_0.21178343949_0.0155082635273_0.020260130065_0.469592105922,133,133,197,197,133,8,8,8,8,8
mean=0_0_2_4_5,0.2356,0.1858,0.21178343949_0.21178343949_0.1303_0.1228_0.501205411865,0.21178343949_0.21178343949_0.0155082635273_0.0201072386059_0.469592105922,133,133,197,197,133,8,8,8,8,8
mean=0_0_2_5_5,0.3228,0.2872,0.21178343949_0.262738853503_0.1235_0.501205411865_0.5146919039,0.21178343949_0.262738853503_0.00781073126556_0.469592105922_0.483933363844,133,165,165,133,165,8,8,8,8,8
mean=0_0_3_3_5,0.2716,0.1867,0.21178343949_0.21178343949_0.2166_0.2166_0.501205411865,0.21178343949_0.21178343949_0.020260130065_0.020260130065_0.469592105922,133,133,197,197,133,8,8,8,8,8
mean=0_0_3_4_5,0.2528,0.1867,0.21178343949_0.21178343949_0.2166_0.1228_0.501205411865,0.21178343949_0.21178343949_0.020260130065_0.0201072386059_0.469592105922,133,133,197,197,133,8,8,8,8,8
mean=0_0_3_5_5,0.3414,0.2897,0.21178343949_0.262738853503_0.2166_0.501205411865_0.5146919039,0.21178343949_0.262738853503_0.020260130065_0.469592105922_0.483933363844,133,165,197,133,165,8,8,8,8,8
mean=0_0_4_4_5,0.2341,0.1867,0.21178343949_0.21178343949_0.1228_0.1228_0.501205411865,0.21178343949_0.21178343949_0.0201072386059_0.0201072386059_0.469592105922,133,133,197,197,133,8,8,8,8,8
mean=0_0_4_5_5,0.3214,0.2883,0.21178343949_0.262738853503_0.1168_0.501205411865_0.5146919039,0.21178343949_0.262738853503_0.0134048257373_0.469592105922_0.483933363844,133,165,165,133,165,8,8,8,8,8
mean=0_0_5_5_5,0.4248,0.3665,0.310310509554_0.310310509554_0.501205411865_0.501205411865_0.501205411865,0.21178343949_0.21178343949_0.469592105922_0.469592105922_0.469592105922,133,133,133,133,133,7,7,8,8,8
mean=0_1_1_1_5,0.218,0.1834,0.21178343949_0.125627230373_0.125627230373_0.125627230373_0.501205411865,0.21178343949_0.0785575910408_0.0785575910408_0.0785575910408_0.469592105922,133,165,165,165,133,8,8,8,8,8
mean=0_1_1_2_5,0.2175,0.1693,0.21178343949_0.125627230373_0.125627230373_0.1235_0.501205411865,0.21178343949_0.0785575910408_0.0785575910408_0.00781073126556_0.469592105922,133,165,165,165,133,8,8,8,8,8
mean=0_1_1_3_5,0.2441,0.1797,0.21178343949_0.149804467488_0.149804467488_0.2078_0.501205411865,0.21178343949_0.104036348366_0.104036348366_0.00925462731366_0.469592105922,133,197,197,133,133,8,8,8,8,8
mean=0_1_1_4_5,0.2162,0.1704,0.21178343949_0.125627230373_0.125627230373_0.1168_0.501205411865,0.21178343949_0.0785575910408_0.0785575910408_0.0134048257373_0.469592105922,133,165,165,165,133,8,8,8,8,8
mean=0_1_1_5_5,0.3028,0.2718,0.21178343949_0.149804467488_0.149804467488_0.501205411865_0.501205411865,0.21178343949_0.104036348366_0.104036348366_0.469592105922_0.469592105922,133,197,197,133,133,8,8,8,8,8
mean=0_1_2_2_5,0.2171,0.1551,0.21178343949_0.125627230373_0.1235_0.1235_0.501205411865,0.21178343949_0.0785575910408_0.00781073126556_0.00781073126556_0.469592105922,133,165,165,165,133,8,8,8,8,8
mean=0_1_2_3_5,0.2402,0.162,0.21178343949_0.149804467488_0.1303_0.2078_0.501205411865,0.21178343949_0.104036348366_0.0155082635273_0.00925462731366_0.469592105922,133,197,197,133,133,8,8,8,8,8
mean=0_1_2_4_5,0.2158,0.1562,0.21178343949_0.125627230373_0.1235_0.1168_0.501205411865,0.21178343949_0.0785575910408_0.00781073126556_0.0134048257373_0.469592105922,133,165,165,165,133,8,8,8,8,8
mean=0_1_2_5_5,0.2989,0.2541,0.21178343949_0.149804467488_0.1303_0.501205411865_0.501205411865,0.21178343949_0.104036348366_0.0155082635273_0.469592105922_0.469592105922,133,197,197,133,133,8,8,8,8,8
mean=0_1_3_3_5,0.2574,0.163,0.21178343949_0.149804467488_0.2078_0.2166_0.501205411865,0.21178343949_0.104036348366_0.00925462731366_0.020260130065_0.469592105922,133,197,133,197,133,8,8,8,8,8
mean=0_1_3_4_5,0.2387,0.163,0.21178343949_0.149804467488_0.2078_0.1228_0.501205411865,0.21178343949_0.104036348366_0.00925462731366_0.0201072386059_0.469592105922,133,197,133,197,133,8,8,8,8,8
mean=0_1_3_5_5,0.3161,0.2551,0.21178343949_0.149804467488_0.2166_0.501205411865_0.501205411865,0.21178343949_0.104036348366_0.020260130065_0.469592105922_0.469592105922,133,197,197,133,133,8,8,8,8,8
mean=0_1_4_4_5,0.2144,0.1573,0.21178343949_0.125627230373_0.1168_0.1168_0.501205411865,0.21178343949_0.0785575910408_0.0134048257373_0.0134048257373_0.469592105922,133,165,165,165,133,8,8,8,8,8
mean=0_1_4_5_5,0.2974,0.255,0.21178343949_0.149804467488_0.1228_0.501205411865_0.501205411865,0.21178343949_0.104036348366_0.0201072386059_0.469592105922_0.469592105922,133,197,197,133,133,8,8,8,8,8
mean=0_1_5_5_5,0.3736,0.3456,0.21178343949_0.125627230373_0.501205411865_0.5146919039_0.5146919039,0.21178343949_0.0785575910408_0.469592105922_0.483933363844_0.483933363844,133,165,133,165,165,8,8,8,8,8
mean=0_2_2_2_5,0.2167,0.141,0.21178343949_0.1235_0.1235_0.1235_0.501205411865,0.21178343949_0.00781073126556_0.00781073126556_0.00781073126556_0.469592105922,133,165,165,165,133,8,8,8,8,8
mean=0_2_2_3_5,0.2363,0.1443,0.21178343949_0.1303_0.1303_0.2078_0.501205411865,0.21178343949_0.0155082635273_0.0155082635273_0.00925462731366_0.469592105922,133,197,197,133,133,8,8,8,8,8
mean=0_2_2_4_5,0.2154,0.1421,0.21178343949_0.1235_0.1235_0.1168_0.501205411865,0.21178343949_0.00781073126556_0.00781073126556_0.0134048257373_0.469592105922,133,165,165,165,133,8,8,8,8,8
mean=0_2_2_5_5,0.295,0.2364,0.21178343949_0.1303_0.1303_0.501205411865_0.501205411865,0.21178343949_0.0155082635273_0.0155082635273_0.469592105922_0.469592105922,133,197,197,133,133,8,8,8,8,8
mean=0_2_3_3_5,0.2535,0.1453,0.21178343949_0.1303_0.2078_0.2166_0.501205411865,0.21178343949_0.0155082635273_0.00925462731366_0.020260130065_0.469592105922,133,197,133,197,133,8,8,8,8,8
mean=0_2_3_4_5,0.2348,0.1452,0.21178343949_0.1303_0.2078_0.1228_0.501205411865,0.21178343949_0.0155082635273_0.00925462731366_0.0201072386059_0.469592105922,133,197,133,197,133,8,8,8,8,8
mean=0_2_3_5_5,0.3505,0.2333,0.310310509554_0.2318375_0.2078_0.501205411865_0.501205411865,0.21178343949_0.00622594521168_0.00925462731366_0.469592105922_0.469592105922,133,133,133,133,133,7,7,8,8,8
mean=0_2_4_4_5,0.214,0.1432,0.21178343949_0.1235_0.1168_0.1168_0.501205411865,0.21178343949_0.00781073126556_0.0134048257373_0.0134048257373_0.469592105922,133,165,165,165,133,8,8,8,8,8
mean=0_2_4_5_5,0.2935,0.2373,0.21178343949_0.1303_0.1228_0.501205411865_0.501205411865,0.21178343949_0.0155082635273_0.0201072386059_0.469592105922_0.469592105922,133,197,197,133,133,8,8,8,8,8
mean=0_2_5_5_5,0.3902,0.3285,0.310310509554_0.1235_0.501205411865_0.501205411865_0.5146919039,0.21178343949_0.00781073126556_0.469592105922_0.469592105922_0.483933363844,133,165,133,133,165,7,8,8,8,8
mean=0_3_3_3_5,0.2708,0.1462,0.21178343949_0.2078_0.2166_0.2166_0.501205411865,0.21178343949_0.00925462731366_0.020260130065_0.020260130065_0.469592105922,133,133,197,197,133,8,8,8,8,8
mean=0_3_3_4_5,0.252,0.1462,0.21178343949_0.2078_0.2166_0.1228_0.501205411865,0.21178343949_0.00925462731366_0.020260130065_0.0201072386059_0.469592105922,133,133,197,197,133,8,8,8,8,8
mean=0_3_3_5_5,0.3295,0.2383,0.21178343949_0.2166_0.2166_0.501205411865_0.501205411865,0.21178343949_0.020260130065_0.020260130065_0.469592105922_0.469592105922,133,197,197,133,133,8,8,8,8,8
mean=0_3_4_4_5,0.2333,0.1462,0.21178343949_0.2078_0.1228_0.1228_0.501205411865,0.21178343949_0.00925462731366_0.0201072386059_0.0201072386059_0.469592105922,133,133,197,197,133,8,8,8,8,8
mean=0_3_4_5_5,0.3107,0.2383,0.21178343949_0.2166_0.1228_0.501205411865_0.501205411865,0.21178343949_0.020260130065_0.0201072386059_0.469592105922_0.469592105922,133,197,197,133,133,8,8,8,8,8
mean=0_3_5_5_5,0.4047,0.347,0.262738853503_0.2166_0.5146919039_0.5146919039_0.5146919039,0.262738853503_0.020260130065_0.483933363844_0.483933363844_0.483933363844,165,197,165,165,165,8,8,8,8,8
mean=0_4_4_4_5,0.2127,0.1443,0.21178343949_0.1168_0.1168_0.1168_0.501205411865,0.21178343949_0.0134048257373_0.0134048257373_0.0134048257373_0.469592105922,133,165,165,165,133,8,8,8,8,8
mean=0_4_4_5_5,0.292,0.2382,0.21178343949_0.1228_0.1228_0.501205411865_0.501205411865,0.21178343949_0.0201072386059_0.0201072386059_0.469592105922_0.469592105922,133,197,197,133,133,8,8,8,8,8
mean=0_4_5_5_5,0.4061,0.3241,0.310310509554_0.2167_0.501205411865_0.501205411865_0.501205411865,0.21178343949_0.0_0.469592105922_0.469592105922_0.469592105922,133,133,133,133,133,7,7,8,8,8
mean=0_5_5_5_5,0.4996,0.418,0.493289353958_0.501205411865_0.501205411865_0.501205411865_0.501205411865,0.21178343949_0.469592105922_0.469592105922_0.469592105922_0.469592105922,133,133,133,133,133,6,8,8,8,8
mean=1_1_1_1_5,0.1969,0.1527,0.106172157841_0.125627230373_0.125627230373_0.125627230373_0.501205411865,0.0580552040462_0.0785575910408_0.0785575910408_0.0785575910408_0.469592105922,133,165,165,165,133,8,8,8,8,8
mean=1_1_1_2_5,0.1964,0.1385,0.106172157841_0.125627230373_0.125627230373_0.1235_0.501205411865,0.0580552040462_0.0785575910408_0.0785575910408_0.00781073126556_0.469592105922,133,165,165,165,133,8,8,8,8,8
mean=1_1_1_3_5,0.215,0.141,0.106172157841_0.125627230373_0.125627230373_0.2166_0.501205411865,0.0580552040462_0.0785575910408_0.0785575910408_0.020260130065_0.469592105922,133,165,165,197,133,8,8,8,8,8
mean=1_1_1_4_5,0.1951,0.1396,0.106172157841_0.125627230373_0.125627230373_0.1168_0.501205411865,0.0580552040462_0.0785575910408_0.0785575910408_0.0134048257373_0.469592105922,133,165,165,165,133,8,8,8,8,8
mean=1_1_1_5_5,0.2747,0.2337,0.106172157841_0.125627230373_0.125627230373_0.501205411865_0.5146919039,0.0580552040462_0.0785575910408_0.0785575910408_0.469592105922_0.483933363844,133,165,165,133,165,8,8,8,8,8
mean=1_1_2_2_5,0.196,0.1244,0.106172157841_0.125627230373_0.1235_0.1235_0.501205411865,0.0580552040462_0.0785575910408_0.00781073126556_0.00781073126556_0.469592105922,133,165,165,165,133,8,8,8,8,8
mean=1_1_2_3_5,0.2146,0.1269,0.106172157841_0.125627230373_0.1235_0.2166_0.501205411865,0.0580552040462_0.0785575910408_0.00781073126556_0.020260130065_0.469592105922,133,165,165,197,133,8,8,8,8,8
mean=1_1_2_4_5,0.1947,0.1255,0.106172157841_0.125627230373_0.1235_0.1168_0.501205411865,0.0580552040462_0.0785575910408_0.00781073126556_0.0134048257373_0.469592105922,133,165,165,165,133,8,8,8,8,8
mean=1_1_2_5_5,0.2742,0.2196,0.106172157841_0.125627230373_0.1235_0.501205411865_0.5146919039,0.0580552040462_0.0785575910408_0.00781073126556_0.469592105922_0.483933363844,133,165,165,133,165,8,8,8,8,8
mean=1_1_3_3_5,0.2293,0.1252,0.106172157841_0.106172157841_0.2166_0.2166_0.501205411865,0.0580552040462_0.0580552040462_0.020260130065_0.020260130065_0.469592105922,133,133,197,197,133,8,8,8,8,8
mean=1_1_3_4_5,0.2133,0.128,0.106172157841_0.125627230373_0.2166_0.1168_0.501205411865,0.0580552040462_0.0785575910408_0.020260130065_0.0134048257373_0.469592105922,133,165,197,165,133,8,8,8,8,8
mean=1_1_3_5_5,0.2929,0.2221,0.106172157841_0.125627230373_0.2166_0.501205411865_0.5146919039,0.0580552040462_0.0785575910408_0.020260130065_0.469592105922_0.483933363844,133,165,165,133,165,8,8,8,8,8
mean=1_1_4_4_5,0.1933,0.1266,0.106172157841_0.125627230373_0.1168_0.1168_0.501205411865,0.0580552040462_0.0785575910408_0.0134048257373_0.0134048257373_0.469592105922,133,165,165,165,133,8,8,8,8,8
mean=1_1_4_5_5,0.2729,0.2207,0.106172157841_0.125627230373_0.1168_0.501205411865_0.5146919039,0.0580552040462_0.0785575910408_0.0134048257373_0.469592105922_0.483933363844,133,165,165,133,165,8,8,8,8,8
mean=1_1_5_5_5,0.3525,0.3148,0.106172157841_0.125627230373_0.501205411865_0.5146919039_0.5146919039,0.0580552040462_0.0785575910408_0.469592105922_0.483933363844_0.483933363844,133,165,133,165,165,8,8,8,8,8
mean=1_2_2_2_5,0.2176,0.1099,0.217900638111_0.1221_0.1235_0.1235_0.501205411865,0.0580552040462_0.00622594521168_0.00781073126556_0.00781073126556_0.469592105922,133,133,165,165,133,7,8,8,8,8
mean=1_2_2_3_5,0.2142,0.1127,0.106172157841_0.1235_0.1235_0.2166_0.501205411865,0.0580552040462_0.00781073126556_0.00781073126556_0.020260130065_0.469592105922,133,165,165,165,133,8,8,8,8,8
mean=1_2_2_4_5,0.2163,0.111,0.217900638111_0.1221_0.1235_0.1168_0.501205411865,0.0580552040462_0.00622594521168_0.00781073126556_0.0134048257373_0.469592105922,133,133,165,165,133,7,8,8,8,8
mean=1_2_2_5_5,0.2738,0.2054,0.106172157841_0.1235_0.1235_0.501205411865_0.5146919039,0.0580552040462_0.00781073126556_0.00781073126556_0.469592105922_0.483933363844,133,165,165,133,165,8,8,8,8,8
mean=1_2_3_3_5,0.2733,0.1105,0.217900638111_0.2318375_0.2078_0.2078_0.501205411865,0.0580552040462_0.00622594521168_0.00925462731366_0.00925462731366_0.469592105922,133,133,133,133,133,7,7,8,8,8
mean=1_2_3_4_5,0.2129,0.1138,0.106172157841_0.1235_0.2166_0.1168_0.501205411865,0.0580552040462_0.00781073126556_0.020260130065_0.0134048257373_0.469592105922,133,165,165,165,133,8,8,8,8,8
mean=1_2_3_5_5,0.332,0.2025,0.217900638111_0.2318375_0.2078_0.501205411865_0.501205411865,0.0580552040462_0.00622594521168_0.00925462731366_0.469592105922_0.469592105922,133,133,133,133,133,7,7,8,8,8
mean=1_2_4_4_5,0.215,0.1121,0.217900638111_0.1221_0.1168_0.1168_0.501205411865,0.0580552040462_0.00622594521168_0.0134048257373_0.0134048257373_0.469592105922,133,133,165,165,133,7,8,8,8,8
mean=1_2_4_5_5,0.2921,0.2037,0.217900638111_0.1235_0.1168_0.501205411865_0.501205411865,0.0580552040462_0.00781073126556_0.0134048257373_0.469592105922_0.469592105922,133,165,165,133,133,7,8,8,8,8
mean=1_2_5_5_5,0.3521,0.3007,0.106172157841_0.1235_0.501205411865_0.5146919039_0.5146919039,0.0580552040462_0.00781073126556_0.469592105922_0.483933363844_0.483933363844,133,165,133,165,165,8,8,8,8,8
mean=1_3_3_3_5,0.258,0.1247,0.125627230373_0.2166_0.2166_0.2166_0.5146919039,0.0785575910408_0.020260130065_0.020260130065_0.020260130065_0.483933363844,165,197,197,197,165,8,8,8,8,8
mean=1_3_3_4_5,0.2381,0.1233,0.125627230373_0.2166_0.2166_0.1168_0.5146919039,0.0785575910408_0.020260130065_0.020260130065_0.0134048257373_0.483933363844,165,197,197,165,165,8,8,8,8,8
mean=1_3_3_5_5,0.3176,0.2174,0.125627230373_0.2166_0.2166_0.5146919039_0.5146919039,0.0785575910408_0.020260130065_0.020260130065_0.483933363844_0.483933363844,165,197,197,165,165,8,8,8,8,8
mean=3_3_4_5_5,0.3099,0.1978,0.2078_0.2166_0.1228_0.501205411865_0.501205411865,0.00925462731366_0.020260130065_0.0201072386059_0.469592105922_0.469592105922,133,197,197,133,133,8,8,8,8,8
mean=4_4_5_5_5,0.3504,0.2902,0.1048_0.1168_0.501205411865_0.5146919039_0.5146919039,0.0_0.0134048257373_0.469592105922_0.483933363844_0.483933363844,133,165,133,165,165,8,8,8,8,8
mean=2_2_2_2_5,0.1988,0.0999,0.1221_0.1235_0.1235_0.1235_0.501205411865,0.00622594521168_0.00781073126556_0.00781073126556_0.00781073126556_0.469592105922,133,165,165,165,133,8,8,8,8,8
mean=2_3_4_4_5,0.2177,0.1078,0.1235_0.2166_0.1168_0.1168_0.5146919039,0.00781073126556_0.020260130065_0.0134048257373_0.0134048257373_0.483933363844,165,197,165,165,165,8,8,8,8,8
mean=1_3_4_4_5,0.2181,0.1219,0.125627230373_0.2166_0.1168_0.1168_0.5146919039,0.0785575910408_0.020260130065_0.0134048257373_0.0134048257373_0.483933363844,165,197,165,165,165,8,8,8,8,8
mean=2_2_4_4_5,0.1961,0.1021,0.1221_0.1235_0.1168_0.1168_0.501205411865,0.00622594521168_0.00781073126556_0.0134048257373_0.0134048257373_0.469592105922,133,165,165,165,133,8,8,8,8,8
mean=3_4_4_5_5,0.2912,0.1977,0.2078_0.1228_0.1228_0.501205411865_0.501205411865,0.00925462731366_0.0201072386059_0.0201072386059_0.469592105922_0.469592105922,133,197,197,133,133,8,8,8,8,8
mean=3_3_3_3_5,0.27,0.1057,0.2078_0.2078_0.2166_0.2166_0.501205411865,0.00925462731366_0.00925462731366_0.020260130065_0.020260130065_0.469592105922,133,133,197,197,133,8,8,8,8,8
mean=2_2_3_4_5,0.216,0.1035,0.1221_0.1235_0.2166_0.1168_0.501205411865,0.00622594521168_0.00781073126556_0.020260130065_0.0134048257373_0.469592105922,133,165,165,165,133,8,8,8,8,8
mean=2_3_5_5_5,0.3768,0.296,0.1235_0.2166_0.5146919039_0.5146919039_0.5146919039,0.00781073126556_0.020260130065_0.483933363844_0.483933363844_0.483933363844,165,197,165,165,165,8,8,8,8,8
mean=2_2_2_4_5,0.1974,0.101,0.1221_0.1235_0.1235_0.1168_0.501205411865,0.00622594521168_0.00781073126556_0.00781073126556_0.0134048257373_0.469592105922,133,165,165,165,133,8,8,8,8,8
mean=2_2_5_5_5,0.3552,0.2903,0.1221_0.1235_0.501205411865_0.5146919039_0.5146919039,0.00622594521168_0.00781073126556_0.469592105922_0.483933363844_0.483933363844,133,165,133,165,165,8,8,8,8,8
mean=2_2_2_3_5,0.2174,0.1023,0.1221_0.1235_0.1235_0.2166_0.501205411865,0.00622594521168_0.00781073126556_0.00781073126556_0.020260130065_0.469592105922,133,165,165,165,133,8,8,8,8,8
mean=2_4_4_4_5,0.1947,0.1032,0.1221_0.1168_0.1168_0.1168_0.501205411865,0.00622594521168_0.0134048257373_0.0134048257373_0.0134048257373_0.469592105922,133,165,165,165,133,8,8,8,8,8
mean=2_4_4_5_5,0.2936,0.1944,0.2318375_0.1168_0.1168_0.501205411865_0.501205411865,0.00622594521168_0.0134048257373_0.0134048257373_0.469592105922_0.469592105922,133,165,165,133,133,7,8,8,8,8
mean=1_4_4_5_5,0.2908,0.2048,0.217900638111_0.1168_0.1168_0.501205411865_0.501205411865,0.0580552040462_0.0134048257373_0.0134048257373_0.469592105922_0.469592105922,133,165,165,133,133,7,8,8,8,8
mean=3_3_5_5_5,0.4088,0.2855,0.2078_0.2078_0.501205411865_0.563554735382_0.563554735382,0.00925462731366_0.00925462731366_0.469592105922_0.469592105922_0.469592105922,133,133,133,133,133,8,8,8,7,7
mean=3_4_4_4_5,0.2119,0.1038,0.2078_0.1168_0.1168_0.1168_0.501205411865,0.00925462731366_0.0134048257373_0.0134048257373_0.0134048257373_0.469592105922,133,165,165,165,133,8,8,8,8,8
mean=3_4_5_5_5,0.4054,0.2836,0.306825_0.2167_0.501205411865_0.501205411865_0.501205411865,0.00925462731366_0.0_0.469592105922_0.469592105922_0.469592105922,133,133,133,133,133,7,7,8,8,8
mean=3_5_5_5_5,0.4991,0.3775,0.490728571429_0.501205411865_0.501205411865_0.501205411865_0.501205411865,0.00925462731366_0.469592105922_0.469592105922_0.469592105922_0.469592105922,133,133,133,133,133,6,8,8,8,8
mean=2_2_3_5_5,0.3348,0.1922,0.2318375_0.2318375_0.2078_0.501205411865_0.501205411865,0.00622594521168_0.00622594521168_0.00925462731366_0.469592105922_0.469592105922,133,133,133,133,133,7,7,8,8,8
mean=3_3_3_4_5,0.2512,0.1057,0.2078_0.2078_0.2166_0.1228_0.501205411865,0.00925462731366_0.00925462731366_0.020260130065_0.0201072386059_0.469592105922,133,133,197,197,133,8,8,8,8,8
mean=2_3_3_5_5,0.3172,0.2032,0.1235_0.2166_0.2166_0.5146919039_0.5146919039,0.00781073126556_0.020260130065_0.020260130065_0.483933363844_0.483933363844,165,197,197,165,165,8,8,8,8,8
mean=3_3_3_5_5,0.3287,0.1978,0.2078_0.2166_0.2166_0.501205411865_0.501205411865,0.00925462731366_0.020260130065_0.020260130065_0.469592105922_0.469592105922,133,197,197,133,133,8,8,8,8,8
mean=2_3_3_4_5,0.2376,0.1091,0.1235_0.2166_0.2166_0.1168_0.5146919039,0.00781073126556_0.020260130065_0.020260130065_0.0134048257373_0.483933363844,165,197,197,165,165,8,8,8,8,8
mean=2_4_5_5_5,0.3539,0.2914,0.1221_0.1168_0.501205411865_0.5146919039_0.5146919039,0.00622594521168_0.0134048257373_0.469592105922_0.483933363844_0.483933363844,133,165,133,165,165,8,8,8,8,8
mean=1_5_5_5_5,0.486,0.3873,0.425396387183_0.501205411865_0.501205411865_0.501205411865_0.501205411865,0.0580552040462_0.469592105922_0.469592105922_0.469592105922_0.469592105922,133,133,133,133,133,6,8,8,8,8
mean=2_2_2_5_5,0.277,0.1951,0.1221_0.1235_0.1235_0.501205411865_0.5146919039,0.00622594521168_0.00781073126556_0.00781073126556_0.469592105922_0.483933363844,133,165,165,133,165,8,8,8,8,8
mean=4_5_5_5_5,0.4859,0.3757,0.424514285714_0.501205411865_0.501205411865_0.501205411865_0.501205411865,0.0_0.469592105922_0.469592105922_0.469592105922_0.469592105922,133,133,133,133,133,6,8,8,8,8
mean=2_5_5_5_5,0.4881,0.3769,0.435635714286_0.501205411865_0.501205411865_0.501205411865_0.501205411865,0.00622594521168_0.469592105922_0.469592105922_0.469592105922_0.469592105922,133,133,133,133,133,6,8,8,8,8
mean=1_3_4_5_5,0.2977,0.216,0.125627230373_0.2166_0.1168_0.5146919039_0.5146919039,0.0785575910408_0.020260130065_0.0134048257373_0.483933363844_0.483933363844,165,197,165,165,165,8,8,8,8,8
mean=4_4_4_5_5,0.2905,0.1932,0.2167_0.1168_0.1168_0.501205411865_0.501205411865,0.0_0.0134048257373_0.0134048257373_0.469592105922_0.469592105922,133,165,165,133,133,7,8,8,8,8
mean=1_3_5_5_5,0.3773,0.3101,0.125627230373_0.2166_0.5146919039_0.5146919039_0.5146919039,0.0785575910408_0.020260130065_0.483933363844_0.483933363844_0.483933363844,165,197,165,165,165,8,8,8,8,8
mean=1_4_4_4_5,0.1916,0.1136,0.106172157841_0.1168_0.1168_0.1168_0.501205411865,0.0580552040462_0.0134048257373_0.0134048257373_0.0134048257373_0.469592105922,133,165,165,165,133,8,8,8,8,8
mean=4_4_4_4_5,0.1913,0.102,0.1048_0.1168_0.1168_0.1168_0.501205411865,0.0_0.0134048257373_0.0134048257373_0.0134048257373_0.469592105922,133,165,165,165,133,8,8,8,8,8
mean=2_3_4_5_5,0.2973,0.2019,0.1235_0.2166_0.1168_0.5146919039_0.5146919039,0.00781073126556_0.020260130065_0.0134048257373_0.483933363844_0.483933363844,165,197,165,165,165,8,8,8,8,8
mean=2_3_3_3_5,0.2576,0.1105,0.1235_0.2166_0.2166_0.2166_0.5146919039,0.00781073126556_0.020260130065_0.020260130065_0.020260130065_0.483933363844,165,197,197,197,165,8,8,8,8,8
mean=1_4_5_5_5,0.3507,0.3018,0.106172157841_0.1168_0.501205411865_0.5146919039_0.5146919039,0.0580552040462_0.0134048257373_0.469592105922_0.483933363844_0.483933363844,133,165,133,165,165,8,8,8,8,8
mean=5_5_5_5_5,0.5093,0.4782,0.501205411865_0.501205411865_0.5146919039_0.5146919039_0.5146919039,0.469592105922_0.469592105922_0.483933363844_0.483933363844_0.483933363844,133,133,165,165,165,8,8,8,8,8
mean=2_2_4_5_5,0.2949,0.1933,0.2318375_0.1235_0.1168_0.501205411865_0.501205411865,0.00622594521168_0.00781073126556_0.0134048257373_0.469592105922_0.469592105922,133,165,165,133,133,7,8,8,8,8
mean=3_3_4_4_5,0.2325,0.1057,0.2078_0.2078_0.1228_0.1228_0.501205411865,0.00925462731366_0.00925462731366_0.0201072386059_0.0201072386059_0.469592105922,133,133,197,197,133,8,8,8,8,8
mean=2_2_3_3_5,0.2761,0.1001,0.2318375_0.2318375_0.2078_0.2078_0.501205411865,0.00622594521168_0.00622594521168_0.00925462731366_0.00925462731366_0.469592105922,133,133,133,133,133,7,7,8,8,8
